Month	HC production (Mbbl)
0	2.0
1	1.0594458430691323
2	0.6214442600905844
3	0.3924081158793894
